{
  "project_info": {
    "project_number": "1030242643931",
    "project_id": "golden-leaf-f39aa",
    "storage_bucket": "golden-leaf-f39aa.appspot.com"
  },
  "client": [
    {
      "client_info": {
        "mobilesdk_app_id": "1:1030242643931:android:32f18ce73788c3d33941fe",
        "android_client_info": {
          "package_name": "com.skyrider.goldenleaf"
        }
      },
      "oauth_client": [
        {
          "client_id": "1030242643931-6qofkoksgk2ngaep7n5lj53ghe5320p9.apps.googleusercontent.com",
          "client_type": 3
        }
      ],
      "api_key": [
        {
          "current_key": "AIzaSyDl3Tz_hOSlZwzjLuEM_d1tAhBZeWriANg"
        }
      ],
      "services": {
        "appinvite_service": {
          "other_platform_oauth_client": [
            {
              "client_id": "1030242643931-6qofkoksgk2ngaep7n5lj53ghe5320p9.apps.googleusercontent.com",
              "client_type": 3
            }
          ]
        }
      }
    }
  ],
  "configuration_version": "1"
}